Workbook

Sheet combined_metrics
A1: seed | B1: timestamp | C1: model_name | D1: dataset_path | E1: learning_rate | F1: weight_decay | G1: batch_size | H1: num_train_epochs | I1: gradient_accumulation_steps | J1: eval_steps | K1: save_steps | L1: best_metric | M1: best_model_checkpoint | N1: global_step | O1: split | P1: eval_loss | Q1: eval_f1 | R1: eval_f1_ARTEFACT | S1: eval_f1_BIBL | T1: eval_f1_CONCEPT | U1: eval_f1_ORG | V1: eval_f1_PEOPLE | W1: eval_f1_PERSON | X1: eval_f1_PLACE | Y1: eval_precision | Z1: eval_precision_ARTEFACT | AA1: eval_precision_BIBL | AB1: eval_precision_CONCEPT | AC1: eval_precision_ORG | AD1: eval_precision_PEOPLE | AE1: eval_precision_PERSON | AF1: eval_precision_PLACE | AG1: eval_recall | AH1: eval_recall_ARTEFACT | AI1: eval_recall_BIBL | AJ1: eval_recall_CONCEPT | AK1: eval_recall_ORG | AL1: eval_recall_PEOPLE | AM1: eval_recall_PERSON | AN1: eval_recall_PLACE | AO1: eval_runtime | AP1: eval_samples_per_second | AQ1: eval_steps_per_second
A2: 42 | B2: 2026-02-26T10:37:51.232557 | C2: dbmdz/bert-base-german-cased | D2: /content/drive/MyDrive/ner_tei/hf_bert_base_cased | E2: 1e-05 | F2: 0.01 | G2: 16 | H2: 8 | I2: 2 | J2: 400 | K2: 400 | L2: 0.48751715 | M2: /content/drive/MyDrive/ner_tei/42/checkpoint-1600 | N2: 1992 | O2: test | P2: 0.63784498 | Q2: 0.44370335 | R2: 0.5076708507670852 | S2: 0.1153846153846153 | T2: 0.3569482288828337 | U2: 0.3720930232558139 | V2: 0.7699115044247786 | W2: 0.4042553191489361 | X2: 0.5824175824175823 | Y2: 0.51247249 | Z2: 0.51195499 | AA2: 0.43902439 | AB2: 0.46953405 | AC2: 0.66666667 | AD2: 0.75652174 | AE2: 0.4789916 | AF2: 0.58888889 | AG2: 0.39120694 | AH2: 0.50345781 | AI2: 0.066420664 | AJ2: 0.28791209 | AK2: 0.25806452 | AL2: 0.78378378 | AM2: 0.34969325 | AN2: 0.57608696 | AO2: 6.1685 | AP2: 293.265 | AQ2: 18.481
A3: 42 | B3: 2026-02-26T10:37:51.232557 | C3: dbmdz/bert-base-german-cased | D3: /content/drive/MyDrive/ner_tei/hf_bert_base_cased | E3: 1e-05 | F3: 0.01 | G3: 16 | H3: 8 | I3: 2 | J3: 400 | K3: 400 | L3: 0.48751715 | M3: /content/drive/MyDrive/ner_tei/42/checkpoint-1600 | N3: 1992 | O3: validation | P3: 0.6926338076591492 | Q3: 0.48607109 | R3: 0.5477419354838711 | S3: 0.1983471074380165 | T3: 0.3852813852813853 | U3: 0.4333333333333333 | V3: 0.6352941176470589 | W3: 0.5714285714285714 | X3: 0.7105263157894737 | Y3: 0.56563398 | Z3: 0.58031442 | AA3: 0.61538462 | AB3: 0.48108108 | AC3: 0.63414634 | AD3: 0.77142857 | AE3: 0.64893617 | AF3: 0.73636364 | AG3: 0.4261308950914341 | AH3: 0.51863164 | AI3: 0.1182266 | AJ3: 0.32129964 | AK3: 0.32911392 | AL3: 0.54 | AM3: 0.51046025 | AN3: 0.68644068 | AO3: 4.7747 | AP3: 318.135 | AQ3: 19.897
A4: 42 | B4: 2026-02-26T10:52:54.389065 | C4: dbmdz/bert-base-german-cased | D4: /content/drive/MyDrive/ner_tei/hf_bert_base_cased | E4: 2e-05 | F4: 0.01 | G4: 16 | H4: 8 | I4: 2 | J4: 400 | K4: 400 | L4: 0.5322223668793126 | M4: /content/drive/MyDrive/ner_tei/42/checkpoint-1600 | N4: 1992 | O4: test | P4: 0.6218276619911194 | Q4: 0.48591238 | R4: 0.5544024104452628 | S4: 0.2255639097744361 | T4: 0.4026294165981923 | U4: 0.4444444444444444 | V4: 0.7704918032786884 | W4: 0.44599303 | X4: 0.6096256684491979 | Y4: 0.5134039900249376 | Z4: 0.53731343 | AA4: 0.3515625 | AB4: 0.45837231 | AC4: 0.52173913 | AD4: 0.70676692 | AE4: 0.51612903 | AF4: 0.6 | AG4: 0.46121535 | AH4: 0.57261411 | AI4: 0.16605166 | AJ4: 0.35897436 | AK4: 0.38709677 | AL4: 0.84684685 | AM4: 0.39263804 | AN4: 0.61956522 | AO4: 6.0014 | AP4: 301.431 | AQ4: 18.996
A5: 42 | B5: 2026-02-26T10:52:54.389065 | C5: dbmdz/bert-base-german-cased | D5: /content/drive/MyDrive/ner_tei/hf_bert_base_cased | E5: 2e-05 | F5: 0.01 | G5: 16 | H5: 8 | I5: 2 | J5: 400 | K5: 400 | L5: 0.5322223668793126 | M5: /content/drive/MyDrive/ner_tei/42/checkpoint-1600 | N5: 1992 | O5: validation | P5: 0.6892657279968262 | Q5: 0.53203125 | R5: 0.5828182941903585 | S5: 0.2789115646258503 | T5: 0.4510406004776527 | U5: 0.5413533834586465 | V5: 0.7052631578947369 | W5: 0.5754060324825987 | X5: 0.7354838709677418 | Y5: 0.5797389330306469 | Z5: 0.58974359 | AA5: 0.45054945 | AB5: 0.52088258 | AC5: 0.66666667 | AD5: 0.74444444 | AE5: 0.64583333 | AF5: 0.74672489 | AG5: 0.4915784408084697 | AH5: 0.57605376 | AI5: 0.20197044 | AJ5: 0.3977136 | AK5: 0.4556962 | AL5: 0.67 | AM5: 0.51882845 | AN5: 0.72457627 | AO5: 4.7133 | AP5: 322.278 | AQ5: 20.156
A6: 42 | B6: 2026-02-26T13:45:46.295153 | C6: dbmdz/bert-base-german-cased | D6: /content/drive/MyDrive/ner_tei/hf_bert_base_cased | E6: 3e-05 | F6: 0.01 | G6: 16 | H6: 8 | I6: 2 | J6: 400 | K6: 400 | L6: 0.5456412889973038 | M6: /content/drive/MyDrive/ner_tei/42/checkpoint-1600 | N6: 1992 | O6: test | P6: 0.6443898677825928 | Q6: 0.5034152 | R6: 0.5749665327978581 | S6: 0.2803738317757009 | T6: 0.42273819 | U6: 0.4210526315789473 | V6: 0.7800829875518672 | W6: 0.4583333333333333 | X6: 0.5931758530183727 | Y6: 0.5232628398791541 | Z6: 0.55706874 | AA6: 0.38216561 | AB6: 0.46601942 | AC6: 0.46153846 | AD6: 0.72307692 | AE6: 0.528 | AF6: 0.57360406 | AG6: 0.4850182021842621 | AH6: 0.59405256 | AI6: 0.22140221 | AJ6: 0.38681319 | AK6: 0.38709677 | AL6: 0.84684685 | AM6: 0.40490798 | AN6: 0.61413043 | AO6: 5.8942 | AP6: 306.912 | AQ6: 19.341
A7: 42 | B7: 2026-02-26T13:45:46.295153 | C7: dbmdz/bert-base-german-cased | D7: /content/drive/MyDrive/ner_tei/hf_bert_base_cased | E7: 3e-05 | F7: 0.01 | G7: 16 | H7: 8 | I7: 2 | J7: 400 | K7: 400 | L7: 0.5456412889973038 | M7: /content/drive/MyDrive/ner_tei/42/checkpoint-1600 | N7: 1992 | O7: validation | P7: 0.7043734788894653 | Q7: 0.54608472 | R7: 0.5977791486736582 | S7: 0.3016393442622951 | T7: 0.4662698412698413 | U7: 0.5588235294117647 | V7: 0.7473684210526317 | W7: 0.5901639344262296 | X7: 0.7381974248927039 | Y7: 0.58530545 | Z7: 0.60373832 | AA7: 0.45098039 | AB7: 0.51762115 | AC7: 0.66666667 | AD7: 0.78888889 | AE7: 0.67021277 | AF7: 0.74782609 | AG7: 0.5117901828681425 | AH7: 0.59193647 | AI7: 0.22660099 | AJ7: 0.42418773 | AK7: 0.48101266 | AL7: 0.71 | AM7: 0.52719665 | AN7: 0.72881356 | AO7: 4.8691 | AP7: 311.966 | AQ7: 19.511
A8: 43 | B8: 2026-02-26T14:08:50.367393 | C8: dbmdz/bert-base-german-cased | D8: /content/drive/MyDrive/ner_tei/hf_bert_base_cased | E8: 1e-05 | F8: 0.01 | G8: 16 | H8: 8 | I8: 2 | J8: 400 | K8: 400 | L8: 0.4984818481848185 | M8: /content/drive/MyDrive/ner_tei/43/checkpoint-1600 | N8: 1992 | O8: test | P8: 0.6273161768913269 | Q8: 0.45946356 | R8: 0.5276653171390014 | S8: 0.1242236 | T8: 0.3812681309573145 | U8: 0.35 | V8: 0.7844827586206897 | W8: 0.3759398496240601 | X8: 0.58563536 | Y8: 0.5006605019815059 | Z8: 0.51515152 | AA8: 0.39215686 | AB8: 0.4389313 | AC8: 0.77777778 | AD8: 0.75206612 | AE8: 0.48543689 | AF8: 0.59550562 | AG8: 0.4245309437132455 | AH8: 0.54080221 | AI8: 0.073800738 | AJ8: 0.33699634 | AK8: 0.22580645 | AL8: 0.81981982 | AM8: 0.30674847 | AN8: 0.57608696 | AO8: 6.0151 | AP8: 300.741 | AQ8: 18.952
A9: 43 | B9: 2026-02-26T14:08:50.367393 | C9: dbmdz/bert-base-german-cased | D9: /content/drive/MyDrive/ner_tei/hf_bert_base_cased | E9: 1e-05 | F9: 0.01 | G9: 16 | H9: 8 | I9: 2 | J9: 400 | K9: 400 | L9: 0.4984818481848185 | M9: /content/drive/MyDrive/ner_tei/43/checkpoint-1600 | N9: 1992 | O9: validation | P9: 0.6629024147987366 | Q9: 0.49835027 | R9: 0.5562167240839336 | S9: 0.2096774193548387 | T9: 0.4141380460153384 | U9: 0.3818181818181818 | V9: 0.6586826347305389 | W9: 0.5615763546798029 | X9: 0.7180616740088106 | Y9: 0.55188541 | Z9: 0.57069409 | AA9: 0.57777778 | AB9: 0.4644727 | AC9: 0.67741935 | AD9: 0.82089552 | AE9: 0.68263473 | AF9: 0.74770642 | AG9: 0.4542829643888354 | AH9: 0.54245571 | AI9: 0.12807882 | AJ9: 0.37364621 | AK9: 0.26582278 | AL9: 0.55 | AM9: 0.47698745 | AN9: 0.69067797 | AO9: 4.9451 | AP9: 307.173 | AQ9: 19.211
A10: 43 | B10: 2026-02-26T14:39:24.183869 | C10: dbmdz/bert-base-german-cased | D10: /content/drive/MyDrive/ner_tei/hf_bert_base_cased | E10: 2e-05 | F10: 0.01 | G10: 16 | H10: 8 | I10: 2 | J10: 400 | K10: 400 | L10: 0.5277251484148036 | M10: /content/drive/MyDrive/ner_tei/43/checkpoint-1600 | N10: 1992 | O10: test | P10: 0.6308000683784485 | Q10: 0.48872288 | R10: 0.5520974289580515 | S10: 0.2376237623762375 | T10: 0.4227272727272727 | U10: 0.4137931034482758 | V10: 0.7673469387755102 | W10: 0.4397163120567376 | X10: 0.5904255319148937 | Y10: 0.5017699115044247 | Z10: 0.54039735 | AA10: 0.36090226 | AB10: 0.43764706 | AC10: 0.44444444 | AD10: 0.70149254 | AE10: 0.5210084 | AF10: 0.578125 | AG10: 0.4763371604592551 | AH10: 0.56431535 | AI10: 0.17712177 | AJ10: 0.40879121 | AK10: 0.38709677 | AL10: 0.84684685 | AM10: 0.3803681 | AN10: 0.60326087 | AO10: 6.087 | AP10: 297.193 | AQ10: 18.729
A11: 43 | B11: 2026-02-26T14:39:24.183869 | C11: dbmdz/bert-base-german-cased | D11: /content/drive/MyDrive/ner_tei/hf_bert_base_cased | E11: 2e-05 | F11: 0.01 | G11: 16 | H11: 8 | I11: 2 | J11: 400 | K11: 400 | L11: 0.5277251484148036 | M11: /content/drive/MyDrive/ner_tei/43/checkpoint-1600 | N11: 1992 | O11: validation | P11: 0.6621167063713074 | Q11: 0.52831143 | R11: 0.57917981 | S11: 0.2457337883959044 | T11: 0.4583977729662852 | U11: 0.5147058823529411 | V11: 0.71657754 | W11: 0.59207459 | X11: 0.7155172413793104 | Y11: 0.5564430244941427 | Z11: 0.59882583 | AA11: 0.4 | AB11: 0.47167409 | AC11: 0.61403509 | AD11: 0.77011494 | AE11: 0.66842105 | AF11: 0.72807018 | AG11: 0.5028873917228104 | AH11: 0.56078192 | AI11: 0.1773399 | AJ11: 0.44584838 | AK11: 0.44303797 | AL11: 0.67 | AM11: 0.53138075 | AN11: 0.70338983 | AO11: 4.9561 | AP11: 306.491 | AQ11: 19.168
A12: 43 | B12: 2026-02-26T14:48:34.946086 | C12: dbmdz/bert-base-german-cased | D12: /content/drive/MyDrive/ner_tei/hf_bert_base_cased | E12: 3e-05 | F12: 0.01 | G12: 16 | H12: 8 | I12: 2 | J12: 400 | K12: 400 | L12: 0.5375744519072362 | M12: /content/drive/MyDrive/ner_tei/43/checkpoint-1600 | N12: 1992 | O12: test | P12: 0.6717366576194763 | Q12: 0.4970111 | R12: 0.5545361875637106 | S12: 0.2716627634660422 | T12: 0.4406528189910978 | U12: 0.4727272727272728 | V12: 0.7510204081632653 | W12: 0.45614035 | X12: 0.5760000000000001 | Y12: 0.5053545586107091 | Z12: 0.54509018 | AA12: 0.37179487 | AB12: 0.44628099 | AC12: 0.54166667 | AD12: 0.68656716 | AE12: 0.53278689 | AF12: 0.56544503 | AG12: 0.4889386726407169 | AH12: 0.56431535 | AI12: 0.21402214 | AJ12: 0.43516484 | AK12: 0.41935484 | AL12: 0.82882883 | AM12: 0.39877301 | AN12: 0.58695652 | AO12: 6.0471 | AP12: 299.15 | AQ12: 18.852
A13: 43 | B13: 2026-02-26T14:48:34.946086 | C13: dbmdz/bert-base-german-cased | D13: /content/drive/MyDrive/ner_tei/hf_bert_base_cased | E13: 3e-05 | F13: 0.01 | G13: 16 | H13: 8 | I13: 2 | J13: 400 | K13: 400 | L13: 0.5375744519072362 | M13: /content/drive/MyDrive/ner_tei/43/checkpoint-1600 | N13: 1992 | O13: validation | P13: 0.6680243015289307 | Q13: 0.53703 | R13: 0.5837018319646241 | S13: 0.2912621359223301 | T13: 0.4708086169216359 | U13: 0.5255474452554744 | V13: 0.7301587301587302 | W13: 0.5910165484633569 | X13: 0.71186441 | Y13: 0.5666577611541544 | Z13: 0.60431655 | AA13: 0.4245283 | AB13: 0.48929267 | AC13: 0.62068966 | AD13: 0.7752809 | AE13: 0.67934783 | AF13: 0.71186441 | AG13: 0.5103464870067372 | AH13: 0.56444716 | AI13: 0.22167488 | AJ13: 0.45367028 | AK13: 0.4556962 | AL13: 0.69 | AM13: 0.52301255 | AN13: 0.71186441 | AO13: 4.7632 | AP13: 318.9 | AQ13: 19.944
A14: 42 | B14: 2026-02-26T20:40:52.246858 | C14: dbmdz/bert-base-german-uncased | D14: /content/drive/MyDrive/ner_tei/hf_bert_base_uncased | E14: 1e-05 | F14: 0.01 | G14: 16 | H14: 8 | I14: 2 | J14: 400 | K14: 400 | L14: 0.4817320703653585 | M14: /content/drive/MyDrive/ner_tei/42/checkpoint-1600 | N14: 1984 | O14: test | P14: 0.6791802644729614 | Q14: 0.43644717 | R14: 0.5000000000000001 | S14: 0.042553191 | T14: 0.3699273814609142 | U14: 0.2285714285714286 | V14: 0.6995073891625616 | W14: 0.38926174 | X14: 0.55585831 | Y14: 0.4799595823509599 | Z14: 0.48079385 | AA14: 0.4 | AB14: 0.44501542 | AC14: 1 | AD14: 0.76344086 | AE14: 0.42028986 | AF14: 0.55434783 | AG14: 0.4001684919966302 | AH14: 0.52080444 | AI14: 0.02247191 | AJ14: 0.31652047 | AK14: 0.12903226 | AL14: 0.64545455 | AM14: 0.3625 | AN14: 0.55737705 | AO14: 5.6164 | AP14: 321.025 | AQ14: 20.12
A15: 42 | B15: 2026-02-26T20:40:52.246858 | C15: dbmdz/bert-base-german-uncased | D15: /content/drive/MyDrive/ner_tei/hf_bert_base_uncased | E15: 1e-05 | F15: 0.01 | G15: 16 | H15: 8 | I15: 2 | J15: 400 | K15: 400 | L15: 0.4817320703653585 | M15: /content/drive/MyDrive/ner_tei/42/checkpoint-1600 | N15: 1984 | O15: validation | P15: 0.7246914505958557 | Q15: 0.48173207 | R15: 0.5559385772485115 | S15: 0.046728972 | T15: 0.39915523 | U15: 0.15909091 | V15: 0.5599999999999999 | W15: 0.5462962962962962 | X15: 0.64978903 | Y15: 0.5521091811414393 | Z15: 0.57225806 | AA15: 0.45454545 | AB15: 0.48050847 | AC15: 0.875 | AD15: 0.84 | AE15: 0.62433862 | AF15: 0.65254237 | AG15: 0.4272683629380701 | AH15: 0.54052407 | AI15: 0.024630542 | AJ15: 0.34136063 | AK15: 0.0875 | AL15: 0.42 | AM15: 0.48559671 | AN15: 0.64705882 | AO15: 4.6698 | AP15: 324.85 | AQ15: 20.343
A16: 42 | B16: 2026-03-02T11:15:47.554330 | C16: dbmdz/bert-base-german-uncased | D16: /content/drive/MyDrive/ner_tei/hf_bert_base_uncased | E16: 2e-05 | F16: 0.01 | G16: 16 | H16: 8 | I16: 2 | J16: 400 | K16: 400 | L16: 0.5325961167545326 | M16: /content/drive/MyDrive/ner_tei/42/checkpoint-1600 | N16: 1984 | O16: test | P16: 0.6880733370780945 | Q16: 0.49097163 | R16: 0.5426052889324191 | S16: 0.1712707182320442 | T16: 0.4432432432432432 | U16: 0.4583333333333333 | V16: 0.7914893617021277 | W16: 0.4452054794520548 | X16: 0.5567010309278351 | Y16: 0.5013169446883231 | Z16: 0.51264651 | AA16: 0.32631579 | AB16: 0.46972177 | AC16: 0.64705882 | AD16: 0.744 | AE16: 0.49242424 | AF16: 0.52682927 | AG16: 0.48104465 | AH16: 0.57628294 | AI16: 0.11610487 | AJ16: 0.41959064 | AK16: 0.35483871 | AL16: 0.84545455 | AM16: 0.40625 | AN16: 0.59016393 | AO16: 6.1453 | AP16: 293.393 | AQ16: 18.388
A17: 42 | B17: 2026-03-02T11:15:47.554330 | C17: dbmdz/bert-base-german-uncased | D17: /content/drive/MyDrive/ner_tei/hf_bert_base_uncased | E17: 2e-05 | F17: 0.01 | G17: 16 | H17: 8 | I17: 2 | J17: 400 | K17: 400 | L17: 0.5325961167545326 | M17: /content/drive/MyDrive/ner_tei/42/checkpoint-1600 | N17: 1984 | O17: validation | P17: 0.6962987184524536 | Q17: 0.53347038 | R17: 0.5942786834820056 | S17: 0.2037735849056604 | T17: 0.4518883415435139 | U17: 0.4285714285714286 | V17: 0.7222222222222223 | W17: 0.61111111 | X17: 0.7066115702479339 | Y17: 0.5739563173901023 | Z17: 0.6 | AA17: 0.43548387 | AB17: 0.49710983 | AC17: 0.58695652 | AD17: 0.8125 | AE17: 0.6984127 | AF17: 0.69512195 | AG17: 0.4983197311569851 | AH17: 0.58866545 | AI17: 0.13300493 | AJ17: 0.41420831 | AK17: 0.3375 | AL17: 0.65 | AM17: 0.54320988 | AN17: 0.71848739 | AO17: 4.7355 | AP17: 320.347 | AQ17: 20.061
A18: 42 | B18: 2026-03-02T11:34:02.039800 | C18: dbmdz/bert-base-german-uncased | D18: /content/drive/MyDrive/ner_tei/hf_bert_base_uncased | E18: 3e-05 | F18: 0.01 | G18: 16 | H18: 8 | I18: 2 | J18: 400 | K18: 400 | L18: 0.5485944787596118 | M18: /content/drive/MyDrive/ner_tei/42/checkpoint-1600 | N18: 1984 | O18: test | P18: 0.6686637997627258 | Q18: 0.5009004 | R18: 0.5578673602080624 | S18: 0.2188295165394402 | T18: 0.4475574712643678 | U18: 0.4347826086956521 | V18: 0.7594936708860759 | W18: 0.4733333333333333 | X18: 0.5900783289817232 | Y18: 0.4942591580098414 | Z18: 0.5250918 | AA18: 0.34126984 | AB18: 0.43997175 | AC18: 0.66666667 | AD18: 0.70866142 | AE18: 0.50714286 | AF18: 0.565 | AG18: 0.50772255 | AH18: 0.59500693 | AI18: 0.16104869 | AJ18: 0.45540936 | AK18: 0.32258065 | AL18: 0.81818182 | AM18: 0.44375 | AN18: 0.61748634 | AO18: 6.0195 | AP18: 299.527 | AQ18: 18.772
A19: 42 | B19: 2026-03-02T11:34:02.039800 | C19: dbmdz/bert-base-german-uncased | D19: /content/drive/MyDrive/ner_tei/hf_bert_base_uncased | E19: 3e-05 | F19: 0.01 | G19: 16 | H19: 8 | I19: 2 | J19: 400 | K19: 400 | L19: 0.5485944787596118 | M19: /content/drive/MyDrive/ner_tei/42/checkpoint-1600 | N19: 1984 | O19: validation | P19: 0.6881030201911926 | Q19: 0.5477482 | R19: 0.6029684601113173 | S19: 0.2635135135135135 | T19: 0.4744687599111957 | U19: 0.4962406015037593 | V19: 0.7195767195767195 | W19: 0.5995423340961098 | X19: 0.7298969072164948 | Y19: 0.5772400957192236 | Z19: 0.61205273 | AA19: 0.41935484 | AB19: 0.50134048 | AC19: 0.62264151 | AD19: 0.76404494 | AE19: 0.67525773 | AF19: 0.71659919 | AG19: 0.5211233797407585 | AH19: 0.59414991 | AI19: 0.19211823 | AJ19: 0.45033113 | AK19: 0.4125 | AL19: 0.68 | AM19: 0.53909465 | AN19: 0.74369748 | AO19: 4.7344 | AP19: 320.422 | AQ19: 20.066
A20: 43 | B20: 2026-03-02T11:53:17.308050 | C20: dbmdz/bert-base-german-uncased | D20: /content/drive/MyDrive/ner_tei/hf_bert_base_uncased | E20: 1e-05 | F20: 0.01 | G20: 16 | H20: 8 | I20: 2 | J20: 400 | K20: 400 | L20: 0.4841845816787621 | M20: /content/drive/MyDrive/ner_tei/43/checkpoint-1600 | N20: 1984 | O20: test | P20: 0.6624618172645569 | Q20: 0.43894081 | R20: 0.5117565698478562 | S20: 0.041666667 | T20: 0.3585623678646934 | U20: 0.2105263157894737 | V20: 0.7685185185185186 | W20: 0.3878326996197718 | X20: 0.5642458100558659 | Y20: 0.4928296607205316 | Z20: 0.51034483 | AA20: 0.28571429 | AB20: 0.42527583 | AC20: 0.57142857 | AD20: 0.78301887 | AE20: 0.49514563 | AF20: 0.57714286 | AG20: 0.3956753720864925 | AH20: 0.51317614 | AI20: 0.02247191 | AJ20: 0.30994152 | AK20: 0.12903226 | AL20: 0.75454545 | AM20: 0.31875 | AN20: 0.55191257 | AO20: 6.0368 | AP20: 298.666 | AQ20: 18.718
A21: 43 | B21: 2026-03-02T11:53:17.308050 | C21: dbmdz/bert-base-german-uncased | D21: /content/drive/MyDrive/ner_tei/hf_bert_base_uncased | E21: 1e-05 | F21: 0.01 | G21: 16 | H21: 8 | I21: 2 | J21: 400 | K21: 400 | L21: 0.4841845816787621 | M21: /content/drive/MyDrive/ner_tei/43/checkpoint-1600 | N21: 1984 | O21: validation | P21: 0.7109706401824951 | Q21: 0.4844414 | R21: 0.5573135292218275 | S21: 0.082568807 | T21: 0.3939712583245706 | U21: 0.1935483870967742 | V21: 0.6419753086419753 | W21: 0.5525672371638142 | X21: 0.6868250539956803 | Y21: 0.5647171620325983 | Z21: 0.59271978 | AA21: 0.6 | AB21: 0.47147651 | AC21: 0.69230769 | AD21: 0.83870968 | AE21: 0.68072289 | AF21: 0.70666667 | AG21: 0.4241478636581853 | AH21: 0.52589884 | AI21: 0.044334975 | AJ21: 0.33835039 | AK21: 0.1125 | AL21: 0.52 | AM21: 0.46502058 | AN21: 0.66806723 | AO21: 4.8622 | AP21: 311.999 | AQ21: 19.538
A22: 43 | B22: 2026-03-02T12:03:54.402835 | C22: dbmdz/bert-base-german-uncased | D22: /content/drive/MyDrive/ner_tei/hf_bert_base_uncased | E22: 2e-05 | F22: 0.01 | G22: 16 | H22: 8 | I22: 2 | J22: 400 | K22: 400 | L22: 0.5305857957490928 | M22: /content/drive/MyDrive/ner_tei/43/checkpoint-1600 | N22: 1984 | O22: test | P22: 0.6356234550476074 | Q22: 0.48371146 | R22: 0.5494355114608279 | S22: 0.1889763779527559 | T22: 0.4212121212121212 | U22: 0.3846153846153846 | V22: 0.7811158798283262 | W22: 0.4306569343065694 | X22: 0.57908847 | Y22: 0.50165913 | Z22: 0.54220122 | AA22: 0.31578947 | AB22: 0.43710692 | AC22: 0.47619048 | AD22: 0.7398374 | AE22: 0.51754386 | AF22: 0.56842105 | AG22: 0.46700365 | AH22: 0.55686546 | AI22: 0.13483146 | AJ22: 0.40643275 | AK22: 0.32258065 | AL22: 0.82727273 | AM22: 0.36875 | AN22: 0.59016393 | AO22: 6.2962 | AP22: 286.364 | AQ22: 17.947
A23: 43 | B23: 2026-03-02T12:03:54.402835 | C23: dbmdz/bert-base-german-uncased | D23: /content/drive/MyDrive/ner_tei/hf_bert_base_uncased | E23: 2e-05 | F23: 0.01 | G23: 16 | H23: 8 | I23: 2 | J23: 400 | K23: 400 | L23: 0.5305857957490928 | M23: /content/drive/MyDrive/ner_tei/43/checkpoint-1600 | N23: 1984 | O23: validation | P23: 0.6861404776573181 | Q23: 0.5305383 | R23: 0.5876716703928457 | S23: 0.2323943661971831 | T23: 0.4480414373583684 | U23: 0.4776119402985075 | V23: 0.7379679144385026 | W23: 0.5882352941176471 | X23: 0.7489539748953975 | Y23: 0.5755193711398091 | Z23: 0.61744966 | AA23: 0.40740741 | AB23: 0.48459384 | AC23: 0.59259259 | AD23: 0.79310345 | AE23: 0.68681319 | AF23: 0.74583333 | AG23: 0.4920787325972156 | AH23: 0.56063376 | AI23: 0.16256158 | AJ23: 0.4166165 | AK23: 0.4 | AL23: 0.69 | AM23: 0.51440329 | AN23: 0.75210084 | AO23: 4.7855 | AP23: 317.001 | AQ23: 19.852
A24: 43 | B24: 2026-03-02T12:11:09.913190 | C24: dbmdz/bert-base-german-uncased | D24: /content/drive/MyDrive/ner_tei/hf_bert_base_uncased | E24: 3e-05 | F24: 0.01 | G24: 16 | H24: 8 | I24: 2 | J24: 400 | K24: 400 | L24: 0.5391639871382636 | M24: /content/drive/MyDrive/ner_tei/43/checkpoint-1600 | N24: 1984 | O24: test | P24: 0.6300866007804871 | Q24: 0.49756517 | R24: 0.5708390646492434 | S24: 0.2281553398058252 | T24: 0.4306326304106548 | U24: 0.3793103448275862 | V24: 0.7679324894514767 | W24: 0.4555160142348755 | X24: 0.5848563968668408 | Y24: 0.50774627 | Z24: 0.56616644 | AA24: 0.32413793 | AB24: 0.43595506 | AC24: 0.40740741 | AD24: 0.71653543 | AE24: 0.52892562 | AF24: 0.56 | AG24: 0.4877843302443134 | AH24: 0.57558946 | AI24: 0.17602996 | AJ24: 0.4254386 | AK24: 0.35483871 | AL24: 0.82727273 | AM24: 0.4 | AN24: 0.61202186 | AO24: 5.8282 | AP24: 309.359 | AQ24: 19.389
A25: 43 | B25: 2026-03-02T12:11:09.913190 | C25: dbmdz/bert-base-german-uncased | D25: /content/drive/MyDrive/ner_tei/hf_bert_base_uncased | E25: 3e-05 | F25: 0.01 | G25: 16 | H25: 8 | I25: 2 | J25: 400 | K25: 400 | L25: 0.5391639871382636 | M25: /content/drive/MyDrive/ner_tei/43/checkpoint-1600 | N25: 1984 | O25: validation | P25: 0.6913864016532898 | Q25: 0.53911477 | R25: 0.5956620265458077 | S25: 0.2466666666666666 | T25: 0.4617834394904458 | U25: 0.4962406015037593 | V25: 0.71134021 | W25: 0.6041189931350115 | X25: 0.7473903966597077 | Y25: 0.5809761508596784 | Z25: 0.63535912 | AA25: 0.3814433 | AB25: 0.49019608 | AC25: 0.62264151 | AD25: 0.73404255 | AE25: 0.68041237 | AF25: 0.74273859 | AG25: 0.5028804608737398 | AH25: 0.56063376 | AI25: 0.18226601 | AJ25: 0.43648405 | AK25: 0.4125 | AL25: 0.69 | AM25: 0.54320988 | AN25: 0.75210084 | AO25: 4.8231 | AP25: 314.529 | AQ25: 19.697
A26: 42 | B26: 2026-02-26T15:01:08.957471 | C26: deepset/gbert-base | D26: /content/drive/MyDrive/ner_tei/hf_gbert_base | E26: 1e-05 | F26: 0.01 | G26: 16 | H26: 8 | I26: 2 | J26: 400 | K26: 400 | L26: 0.4856601731601731 | M26: /content/drive/MyDrive/ner_tei/42/checkpoint-1600 | N26: 1992 | O26: test | P26: 0.6709668636322021 | Q26: 0.43725311 | R26: 0.5118136439267886 | S26: 0.079470199 | T26: 0.3448275862068965 | U26: 0.1951219512195122 | V26: 0.7478260869565216 | W26: 0.4275862068965517 | X26: 0.5714285714285715 | Y26: 0.4779143141813351 | Z26: 0.49326491 | AA26: 0.38709677 | AB26: 0.4047384 | AC26: 0.4 | AD26: 0.72268908 | AE26: 0.48818898 | AF26: 0.63157895 | AG26: 0.4029683562027443 | AH26: 0.53181189 | AI26: 0.044280443 | AJ26: 0.3003663 | AK26: 0.12903226 | AL26: 0.77477477 | AM26: 0.3803681 | AN26: 0.52173913 | AO26: 5.686 | AP26: 318.15 | AQ26: 20.049
A27: 42 | B27: 2026-02-26T15:01:08.957471 | C27: deepset/gbert-base | D27: /content/drive/MyDrive/ner_tei/hf_gbert_base | E27: 1e-05 | F27: 0.01 | G27: 16 | H27: 8 | I27: 2 | J27: 400 | K27: 400 | L27: 0.4856601731601731 | M27: /content/drive/MyDrive/ner_tei/42/checkpoint-1600 | N27: 1992 | O27: validation | P27: 0.7175308465957642 | Q27: 0.48634766 | R27: 0.5620873939012888 | S27: 0.098214286 | T27: 0.3941299790356394 | U27: 0.2417582417582417 | V27: 0.6936416184971099 | W27: 0.5217391304347826 | X27: 0.6666666666666666 | Y27: 0.5549043800123381 | Z27: 0.57901554 | AA27: 0.52380952 | AB27: 0.47 | AC27: 0.91666667 | AD27: 0.82191781 | AE27: 0.61714286 | AF27: 0.69585253 | AG27: 0.4328681424446583 | AH27: 0.54612095 | AI27: 0.054187192 | AJ27: 0.33935018 | AK27: 0.13924051 | AL27: 0.6 | AM27: 0.45188285 | AN27: 0.63983051 | AO27: 4.7164 | AP27: 322.07 | AQ27: 20.143
A28: 42 | B28: 2026-02-26T15:12:06.392309 | C28: deepset/gbert-base | D28: /content/drive/MyDrive/ner_tei/hf_gbert_base | E28: 2e-05 | F28: 0.01 | G28: 16 | H28: 8 | I28: 2 | J28: 400 | K28: 400 | L28: 0.5169513797634692 | M28: /content/drive/MyDrive/ner_tei/42/checkpoint-1600 | N28: 1992 | O28: test | P28: 0.6649791598320007 | Q28: 0.47085002 | R28: 0.5338809034907598 | S28: 0.2383419689119171 | T28: 0.3936 | U28: 0.4137931034482758 | V28: 0.7606837606837608 | W28: 0.4482758620689655 | X28: 0.58689459 | Y28: 0.5006309148264985 | Z28: 0.52845528 | AA28: 0.4 | AB28: 0.43348018 | AC28: 0.44444444 | AD28: 0.72357724 | AE28: 0.51181102 | AF28: 0.61676647 | AG28: 0.4444133295995519 | AH28: 0.53941909 | AI28: 0.1697417 | AJ28: 0.36043956 | AK28: 0.38709677 | AL28: 0.8018018 | AM28: 0.39877301 | AN28: 0.55978261 | AO28: 6.3254 | AP28: 285.991 | AQ28: 18.023
A29: 42 | B29: 2026-02-26T15:12:06.392309 | C29: deepset/gbert-base | D29: /content/drive/MyDrive/ner_tei/hf_gbert_base | E29: 2e-05 | F29: 0.01 | G29: 16 | H29: 8 | I29: 2 | J29: 400 | K29: 400 | L29: 0.5169513797634692 | M29: /content/drive/MyDrive/ner_tei/42/checkpoint-1600 | N29: 1992 | O29: validation | P29: 0.71154839 | Q29: 0.51706933 | R29: 0.58290816 | S29: 0.3024055 | T29: 0.42003339 | U29: 0.5112781954887219 | V29: 0.7374301675977653 | W29: 0.5767441860465117 | X29: 0.6991150442477877 | Y29: 0.5690751445086705 | Z29: 0.60973983 | AA29: 0.5 | AB29: 0.47186797 | AC29: 0.62962963 | AD29: 0.83544304 | AE29: 0.64921466 | AF29: 0.73148148 | AG29: 0.4737728585178056 | AH29: 0.55833842 | AI29: 0.21674877 | AJ29: 0.37845969 | AK29: 0.43037975 | AL29: 0.66 | AM29: 0.51882845 | AN29: 0.66949153 | AO29: 4.8625 | AP29: 312.39 | AQ29: 19.537
A30: 42 | B30: 2026-02-26T15:26:31.826051 | C30: deepset/gbert-base | D30: /content/drive/MyDrive/ner_tei/hf_gbert_base | E30: 3e-05 | F30: 0.01 | G30: 16 | H30: 8 | I30: 2 | J30: 400 | K30: 400 | L30: 0.5237717908082408 | M30: /content/drive/MyDrive/ner_tei/42/checkpoint-1200 | N30: 1992 | O30: test | P30: 0.6661579012870789 | Q30: 0.47925436 | R30: 0.5355113636363636 | S30: 0.2939759036144578 | T30: 0.4072289156626506 | U30: 0.4285714285714285 | V30: 0.7521367521367521 | W30: 0.4657534246575342 | X30: 0.5959885386819485 | Y30: 0.5173644920480364 | Z30: 0.55036496 | AA30: 0.42361111 | AB30: 0.45066667 | AC30: 0.48 | AD30: 0.71544715 | AE30: 0.52713178 | AF30: 0.63030303 | AG30: 0.4463735648277793 | AH30: 0.52143845 | AI30: 0.22509225 | AJ30: 0.37142857 | AK30: 0.38709677 | AL30: 0.79279279 | AM30: 0.41717791 | AN30: 0.56521739 | AO30: 5.9088 | AP30: 306.151 | AQ30: 19.293
A31: 42 | B31: 2026-02-26T15:26:31.826051 | C31: deepset/gbert-base | D31: /content/drive/MyDrive/ner_tei/hf_gbert_base | E31: 3e-05 | F31: 0.01 | G31: 16 | H31: 8 | I31: 2 | J31: 400 | K31: 400 | L31: 0.5237717908082408 | M31: /content/drive/MyDrive/ner_tei/42/checkpoint-1200 | N31: 1992 | O31: validation | P31: 0.7195955514907837 | Q31: 0.52455121 | R31: 0.5809399477806789 | S31: 0.3344262295081967 | T31: 0.4374999999999999 | U31: 0.5223880597014925 | V31: 0.7362637362637363 | W31: 0.5931034482758621 | X31: 0.7008928571428571 | Y31: 0.5809941520467836 | Z31: 0.62368605 | AA31: 0.5 | AB31: 0.48885587 | AC31: 0.63636364 | AD31: 0.81707317 | AE31: 0.65816327 | AF31: 0.74056604 | AG31: 0.4781039461020211 | AH31: 0.54367746 | AI31: 0.25123153 | AJ31: 0.39590854 | AK31: 0.44303797 | AL31: 0.67 | AM31: 0.53974895 | AN31: 0.66525424 | AO31: 4.7923 | AP31: 316.967 | AQ31: 19.823
A32: 43 | B32: 2026-02-26T15:37:03.441751 | C32: deepset/gbert-base | D32: /content/drive/MyDrive/ner_tei/hf_gbert_base | E32: 1e-05 | F32: 0.01 | G32: 16 | H32: 8 | I32: 2 | J32: 400 | K32: 400 | L32: 0.5047619047619047 | M32: /content/drive/MyDrive/ner_tei/43/checkpoint-1600 | N32: 1992 | O32: test | P32: 0.6131545305252075 | Q32: 0.44807165 | R32: 0.5184472248957331 | S32: 0.1042345276872964 | T32: 0.3644752018454441 | U32: 0.3 | V32: 0.7627118644067797 | W32: 0.3971119133574007 | X32: 0.5913043478260869 | Y32: 0.46270883 | Z32: 0.48354279 | AA32: 0.44444444 | AB32: 0.38349515 | AC32: 0.66666667 | AD32: 0.72 | AE32: 0.48245614 | AF32: 0.63354037 | AG32: 0.4343321198543825 | AH32: 0.55878285 | AI32: 0.05904059 | AJ32: 0.34725275 | AK32: 0.19354839 | AL32: 0.81081081 | AM32: 0.33742331 | AN32: 0.55434783 | AO32: 6.0826 | AP32: 297.407 | AQ32: 18.742
A33: 43 | B33: 2026-02-26T15:37:03.441751 | C33: deepset/gbert-base | D33: /content/drive/MyDrive/ner_tei/hf_gbert_base | E33: 1e-05 | F33: 0.01 | G33: 16 | H33: 8 | I33: 2 | J33: 400 | K33: 400 | L33: 0.5047619047619047 | M33: /content/drive/MyDrive/ner_tei/43/checkpoint-1600 | N33: 1992 | O33: validation | P33: 0.6722208261489868 | Q33: 0.50418222 | R33: 0.5850837138508372 | S33: 0.1298701298701298 | T33: 0.4150462225055786 | U33: 0.3137254901960784 | V33: 0.7045454545454546 | W33: 0.5124378109452736 | X33: 0.6894977168949771 | Y33: 0.54190871 | Z33: 0.58313107 | AA33: 0.53571429 | AB33: 0.44135593 | AC33: 0.69565217 | AD33: 0.81578947 | AE33: 0.63190184 | AF33: 0.74752475 | AG33: 0.4713666987487969 | AH33: 0.58704948 | AI33: 0.073891626 | AJ33: 0.39169675 | AK33: 0.20253165 | AL33: 0.62 | AM33: 0.43096234 | AN33: 0.63983051 | AO33: 4.944 | AP33: 307.244 | AQ33: 19.215
A34: 43 | B34: 2026-02-26T15:44:57.672387 | C34: deepset/gbert-base | D34: /content/drive/MyDrive/ner_tei/hf_gbert_base | E34: 2e-05 | F34: 0.01 | G34: 16 | H34: 8 | I34: 2 | J34: 400 | K34: 400 | L34: 0.5296052631578947 | M34: /content/drive/MyDrive/ner_tei/43/checkpoint-1600 | N34: 1992 | O34: test | P34: 0.5947195291519165 | Q34: 0.48623199 | R34: 0.5449664429530201 | S34: 0.2821782178217822 | T34: 0.4138702460850111 | U34: 0.2857142857142857 | V34: 0.7679324894514767 | W34: 0.4668989547038327 | X34: 0.6280991735537189 | Y34: 0.4956369982547993 | Z34: 0.52933507 | AA34: 0.42857143 | AB34: 0.4214123 | AC34: 0.32 | AD34: 0.72222222 | AE34: 0.54032258 | AF34: 0.63687151 | AG34: 0.4771772612713525 | AH34: 0.5615491 | AI34: 0.2103321 | AJ34: 0.40659341 | AK34: 0.25806452 | AL34: 0.81981982 | AM34: 0.41104294 | AN34: 0.61956522 | AO34: 5.912 | AP34: 305.99 | AQ34: 19.283
A35: 43 | B35: 2026-02-26T15:44:57.672387 | C35: deepset/gbert-base | D35: /content/drive/MyDrive/ner_tei/hf_gbert_base | E35: 2e-05 | F35: 0.01 | G35: 16 | H35: 8 | I35: 2 | J35: 400 | K35: 400 | L35: 0.5296052631578947 | M35: /content/drive/MyDrive/ner_tei/43/checkpoint-1600 | N35: 1992 | O35: validation | P35: 0.6872565150260925 | Q35: 0.52944902 | R35: 0.6080150281778335 | S35: 0.2828947368421052 | T35: 0.4321796071094481 | U35: 0.5797101449275363 | V35: 0.7111111111111111 | W35: 0.5734939759036144 | X35: 0.7002188183807438 | Y35: 0.5589729874297941 | Z35: 0.6236352 | AA35: 0.42574257 | AB35: 0.44854369 | AC35: 0.6779661 | AD35: 0.8 | AE35: 0.67613636 | AF35: 0.7239819 | AG35: 0.5028873917228104 | AH35: 0.59315822 | AI35: 0.21182266 | AJ35: 0.41696751 | AK35: 0.50632911 | AL35: 0.64 | AM35: 0.49790795 | AN35: 0.6779661 | AO35: 5.0996 | AP35: 297.864 | AQ35: 18.629
A36: 43 | B36: 2026-02-26T17:11:32.953489 | C36: deepset/gbert-base | D36: /content/drive/MyDrive/ner_tei/hf_gbert_base | E36: 3e-05 | F36: 0.01 | G36: 16 | H36: 8 | I36: 2 | J36: 400 | K36: 400 | L36: 0.5337802991232594 | M36: /content/drive/MyDrive/ner_tei/43/checkpoint-1600 | N36: 1992 | O36: test | P36: 0.6163932681083679 | Q36: 0.49346546 | R36: 0.5481886534518114 | S36: 0.3198198198198199 | T36: 0.42109256 | U36: 0.40625 | V36: 0.7457627118644067 | W36: 0.4913494809688581 | X36: 0.6413043478260869 | Y36: 0.5064858490566038 | Z36: 0.54189189 | AA36: 0.41040462 | AB36: 0.43666404 | AC36: 0.39393939 | AD36: 0.704 | AE36: 0.56349206 | AF36: 0.64130435 | AG36: 0.4810977317278073 | AH36: 0.55463347 | AI36: 0.26199262 | AJ36: 0.40659341 | AK36: 0.41935484 | AL36: 0.79279279 | AM36: 0.43558282 | AN36: 0.64130435 | AO36: 6.3691 | AP36: 284.026 | AQ36: 17.899
A37: 43 | B37: 2026-02-26T17:11:32.953489 | C37: deepset/gbert-base | D37: /content/drive/MyDrive/ner_tei/hf_gbert_base | E37: 3e-05 | F37: 0.01 | G37: 16 | H37: 8 | I37: 2 | J37: 400 | K37: 400 | L37: 0.5337802991232594 | M37: /content/drive/MyDrive/ner_tei/43/checkpoint-1600 | N37: 1992 | O37: validation | P37: 0.68901658 | Q37: 0.53369411 | R37: 0.6033876637903484 | S37: 0.3012820512820512 | T37: 0.43838254 | U37: 0.5547445255474452 | V37: 0.7292817679558011 | W37: 0.5857142857142856 | X37: 0.7296137339055793 | Y37: 0.5744798890429959 | Z37: 0.63270777 | AA37: 0.43119266 | AB37: 0.46973865 | AC37: 0.65517241 | AD37: 0.81481481 | AE37: 0.67955801 | AF37: 0.73913043 | AG37: 0.4983156881616939 | AH37: 0.57666463 | AI37: 0.23152709 | AJ37: 0.41095066 | AK37: 0.48101266 | AL37: 0.66 | AM37: 0.51464435 | AN37: 0.72033898 | AO37: 5.0168 | AP37: 302.784 | AQ37: 18.936
A38: 42 | B38: 2026-02-26T17:32:14.778678 | C38: xlm-roberta-base | D38: /content/drive/MyDrive/ner_tei/hf_roberta_base | E38: 1e-05 | F38: 0.01 | G38: 16 | H38: 8 | I38: 2 | J38: 400 | K38: 400 | L38: 0.4879115226337449 | M38: /content/drive/MyDrive/ner_tei/42/checkpoint-2000 | N38: 2000 | O38: test | P38: 0.6298176646232605 | Q38: 0.44972472 | R38: 0.5238393977415308 | S38: 0 | T38: 0.3701375245579568 | U38: 0 | V38: 0.6963562753036436 | W38: 0.4545454545454545 | X38: 0.5604719764011801 | Y38: 0.4677516576250753 | Z38: 0.48265896 | AA38: 0 | AB38: 0.40187713 | AC38: 0 | AD38: 0.63235294 | AE38: 0.52 | AF38: 0.61290323 | AG38: 0.4330357142857143 | AH38: 0.57270233 | AI38: 0 | AJ38: 0.34304443 | AK38: 0 | AL38: 0.77477477 | AM38: 0.40372671 | AN38: 0.51630435 | AO38: 6.236 | AP38: 291.212 | AQ38: 18.281
A39: 42 | B39: 2026-02-26T17:32:14.778678 | C39: xlm-roberta-base | D39: /content/drive/MyDrive/ner_tei/hf_roberta_base | E39: 1e-05 | F39: 0.01 | G39: 16 | H39: 8 | I39: 2 | J39: 400 | K39: 400 | L39: 0.4879115226337449 | M39: /content/drive/MyDrive/ner_tei/42/checkpoint-2000 | N39: 2000 | O39: validation | P39: 0.7010053396224976 | Q39: 0.48791152 | R39: 0.5686274509803921 | S39: 0 | T39: 0.4003990688393748 | U39: 0 | V39: 0.6630434782608696 | W39: 0.4813895781637717 | X39: 0.69107551 | Y39: 0.5266518600777346 | Z39: 0.54146074 | AA39: 0 | AB39: 0.45195195 | AC39: 0 | AD39: 0.71764706 | AE39: 0.59146341 | AF39: 0.755 | AG39: 0.4544801149976042 | AH39: 0.59866424 | AI39: 0 | AJ39: 0.35940299 | AK39: 0 | AL39: 0.61616162 | AM39: 0.40585774 | AN39: 0.6371308 | AO39: 5.5339 | AP39: 274.669 | AQ39: 17.167
A40: 42 | B40: 2026-02-26T17:53:04.480278 | C40: xlm-roberta-base | D40: /content/drive/MyDrive/ner_tei/hf_roberta_base | E40: 2e-05 | F40: 0.01 | G40: 16 | H40: 8 | I40: 2 | J40: 400 | K40: 400 | L40: 0.5239090350338045 | M40: /content/drive/MyDrive/ner_tei/42/checkpoint-2000 | N40: 2000 | O40: test | P40: 0.6233727335929871 | Q40: 0.48405357 | R40: 0.5535314797059764 | S40: 0.2982885085574572 | T40: 0.4019033674963397 | U40: 0.3018867924528302 | V40: 0.6967213114754098 | W40: 0.4605263157894737 | X40: 0.6129032258064515 | Y40: 0.4790926482645531 | Z40: 0.51825254 | AA40: 0.42657343 | AB40: 0.40397351 | AC40: 0.36363636 | AD40: 0.63909774 | AE40: 0.48951049 | AF40: 0.60638298 | AG40: 0.4891183035714285 | AH40: 0.59396433 | AI40: 0.22932331 | AJ40: 0.39985433 | AK40: 0.25806452 | AL40: 0.76576577 | AM40: 0.43478261 | AN40: 0.61956522 | AO40: 6.4893 | AP40: 279.845 | AQ40: 17.567
A41: 42 | B41: 2026-02-26T17:53:04.480278 | C41: xlm-roberta-base | D41: /content/drive/MyDrive/ner_tei/hf_roberta_base | E41: 2e-05 | F41: 0.01 | G41: 16 | H41: 8 | I41: 2 | J41: 400 | K41: 400 | L41: 0.5239090350338045 | M41: /content/drive/MyDrive/ner_tei/42/checkpoint-2000 | N41: 2000 | O41: validation | P41: 0.6815342903137207 | Q41: 0.52390904 | R41: 0.5932597327135386 | S41: 0.3020134228187919 | T41: 0.42700844 | U41: 0.4838709677419354 | V41: 0.6989247311827956 | W41: 0.5613207547169811 | X41: 0.7272727272727272 | Y41: 0.5379954556930068 | Z41: 0.56880223 | AA41: 0.45918367 | AB41: 0.44816273 | AC41: 0.63829787 | AD41: 0.74712644 | AE41: 0.64324324 | AF41: 0.74666667 | AG41: 0.5105414470531864 | AH41: 0.619915 | AI41: 0.225 | AJ41: 0.40776119 | AK41: 0.38961039 | AL41: 0.65656566 | AM41: 0.49790795 | AN41: 0.70886076 | AO41: 5.6332 | AP41: 269.827 | AQ41: 16.864
A42: 42 | B42: 2026-02-26T18:20:12.206583 | C42: xlm-roberta-base | D42: /content/drive/MyDrive/ner_tei/hf_roberta_base | E42: 3e-05 | F42: 0.01 | G42: 16 | H42: 8 | I42: 2 | J42: 400 | K42: 400 | L42: 0.5370370370370371 | M42: /content/drive/MyDrive/ner_tei/42/checkpoint-2000 | N42: 2000 | O42: test | P42: 0.6201906204223633 | Q42: 0.4976971 | R42: 0.5597423510466989 | S42: 0.3566591422121896 | T42: 0.4226044226044226 | U42: 0.3728813559322034 | V42: 0.7016129032258064 | W42: 0.4983818770226537 | X42: 0.6070460704607047 | Y42: 0.4836756187467088 | Z42: 0.52762599 | AA42: 0.44632768 | AB42: 0.40785908 | AC42: 0.39285714 | AD42: 0.6350365 | AE42: 0.52027027 | AF42: 0.60540541 | AG42: 0.5125558035714286 | AH42: 0.59602195 | AI42: 0.29699248 | AJ42: 0.43845594 | AK42: 0.35483871 | AL42: 0.78378378 | AM42: 0.47826087 | AN42: 0.60869565 | AO42: 6.4379 | AP42: 282.08 | AQ42: 17.708
A43: 42 | B43: 2026-02-26T18:20:12.206583 | C43: xlm-roberta-base | D43: /content/drive/MyDrive/ner_tei/hf_roberta_base | E43: 3e-05 | F43: 0.01 | G43: 16 | H43: 8 | I43: 2 | J43: 400 | K43: 400 | L43: 0.5370370370370371 | M43: /content/drive/MyDrive/ner_tei/42/checkpoint-2000 | N43: 2000 | O43: validation | P43: 0.6693552732467651 | Q43: 0.53703704 | R43: 0.6103781882145999 | S43: 0.3248407643312102 | T43: 0.4396076026977314 | U43: 0.5581395348837209 | V43: 0.6737967914438503 | W43: 0.5804988662131518 | X43: 0.7241379310344828 | Y43: 0.5463559742191373 | Z43: 0.59013605 | AA43: 0.44736842 | AB43: 0.45179584 | AC43: 0.69230769 | AD43: 0.71590909 | AE43: 0.63366337 | AF43: 0.74008811 | AG43: 0.5280306660277911 | AH43: 0.63205829 | AI43: 0.255 | AJ43: 0.4280597 | AK43: 0.46753247 | AL43: 0.63636364 | AM43: 0.53556485 | AN43: 0.70886076 | AO43: 5.6234 | AP43: 270.301 | AQ43: 16.894
A44: 43 | B44: 2026-02-26T19:00:16.374982 | C44: xlm-roberta-base | D44: /content/drive/MyDrive/ner_tei/hf_roberta_base | E44: 1e-05 | F44: 0.01 | G44: 16 | H44: 8 | I44: 2 | J44: 400 | K44: 400 | L44: 0.4929282346778418 | M44: /content/drive/MyDrive/ner_tei/43/checkpoint-1600 | N44: 2000 | O44: test | P44: 0.6109094619750977 | Q44: 0.43854707 | R44: 0.5115672857608341 | S44: 0.014814815 | T44: 0.3556804496186271 | U44: 0 | V44: 0.7107438016528925 | W44: 0.4137931034482758 | X44: 0.5852272727272727 | Y44: 0.4678899082568807 | Z44: 0.48727498 | AA44: 0.5 | AB44: 0.39624329 | AC44: 0 | AD44: 0.65648855 | AE44: 0.46511628 | AF44: 0.61309524 | AG44: 0.4126674107142857 | AH44: 0.53840878 | AI44: 0.007518797 | AJ44: 0.32265113 | AK44: 0 | AL44: 0.77477477 | AM44: 0.37267081 | AN44: 0.55978261 | AO44: 6.144 | AP44: 295.573 | AQ44: 18.555
A45: 43 | B45: 2026-02-26T19:00:16.374982 | C45: xlm-roberta-base | D45: /content/drive/MyDrive/ner_tei/hf_roberta_base | E45: 1e-05 | F45: 0.01 | G45: 16 | H45: 8 | I45: 2 | J45: 400 | K45: 400 | L45: 0.4929282346778418 | M45: /content/drive/MyDrive/ner_tei/43/checkpoint-1600 | N45: 2000 | O45: validation | P45: 0.6498225331306458 | Q45: 0.4904325 | R45: 0.56348969 | S45: 0.019704433 | T45: 0.4137698278771515 | U45: 0 | V45: 0.6628571428571428 | W45: 0.4691943127962085 | X45: 0.7042889390519187 | Y45: 0.5413773148148148 | Z45: 0.55470588 | AA45: 0.66666667 | AB45: 0.47593168 | AC45: 0 | AD45: 0.76315789 | AE45: 0.54098361 | AF45: 0.75728155 | AG45: 0.4482510781025395 | AH45: 0.57255616 | AI45: 0.01 | AJ45: 0.36597015 | AK45: 0 | AL45: 0.58585859 | AM45: 0.41422594 | AN45: 0.65822785 | AO45: 5.4264 | AP45: 280.111 | AQ45: 17.507
A46: 43 | B46: 2026-02-26T19:19:00.639507 | C46: xlm-roberta-base | D46: /content/drive/MyDrive/ner_tei/hf_roberta_base | E46: 2e-05 | F46: 0.01 | G46: 16 | H46: 8 | I46: 2 | J46: 400 | K46: 400 | L46: 0.5300607412916821 | M46: /content/drive/MyDrive/ner_tei/43/checkpoint-2000 | N46: 2000 | O46: test | P46: 0.6023090481758118 | Q46: 0.47578426 | R46: 0.5354735152487962 | S46: 0.3165137614678899 | T46: 0.3954428518926865 | U46: 0.33962264 | V46: 0.7131147540983607 | W46: 0.4903225806451613 | X46: 0.59640103 | Y46: 0.4693268186753528 | Z46: 0.50331925 | AA46: 0.40588235 | AB46: 0.39910979 | AC46: 0.40909091 | AD46: 0.65413534 | AE46: 0.51006711 | AF46: 0.56585366 | AG46: 0.48242188 | AH46: 0.57201646 | AI46: 0.2593985 | AJ46: 0.39184268 | AK46: 0.29032258 | AL46: 0.78378378 | AM46: 0.47204969 | AN46: 0.63043478 | AO46: 6.3764 | AP46: 284.802 | AQ46: 17.879
A47: 43 | B47: 2026-02-26T19:19:00.639507 | C47: xlm-roberta-base | D47: /content/drive/MyDrive/ner_tei/hf_roberta_base | E47: 2e-05 | F47: 0.01 | G47: 16 | H47: 8 | I47: 2 | J47: 400 | K47: 400 | L47: 0.5300607412916821 | M47: /content/drive/MyDrive/ner_tei/43/checkpoint-2000 | N47: 2000 | O47: validation | P47: 0.6291554570198059 | Q47: 0.53006074 | R47: 0.60629227 | S47: 0.2885245901639344 | T47: 0.43274112 | U47: 0.5040650406504066 | V47: 0.6595744680851064 | W47: 0.5514018691588786 | X47: 0.72340426 | Y47: 0.5491908553814538 | Z47: 0.58779932 | AA47: 0.41904762 | AB47: 0.46174678 | AC47: 0.67391304 | AD47: 0.69662921 | AE47: 0.62433862 | AF47: 0.72961373 | AG47: 0.5122184954480115 | AH47: 0.62598664 | AI47: 0.22 | AJ47: 0.40716418 | AK47: 0.4025974 | AL47: 0.62626263 | AM47: 0.49372385 | AN47: 0.71729958 | AO47: 5.2723 | AP47: 288.299 | AQ47: 18.019
A48: 43 | B48: 2026-02-26T20:14:01.465303 | C48: xlm-roberta-base | D48: /content/drive/MyDrive/ner_tei/hf_roberta_base | E48: 3e-05 | F48: 0.01 | G48: 16 | H48: 8 | I48: 2 | J48: 400 | K48: 400 | L48: 0.5352112676056339 | M48: /content/drive/MyDrive/ner_tei/43/checkpoint-2000 | N48: 2000 | O48: test | P48: 0.6131661534309387 | Q48: 0.49585654 | R48: 0.5524967989756722 | S48: 0.3303571428571428 | T48: 0.4242641780330222 | U48: 0.3934426229508196 | V48: 0.7235772357723578 | W48: 0.5 | X48: 0.6134020618556701 | Y48: 0.4831877151178184 | Z48: 0.5180072 | AA48: 0.40659341 | AB48: 0.41825902 | AC48: 0.4 | AD48: 0.65925926 | AE48: 0.52380952 | AF48: 0.58333333 | AG48: 0.5092075892857143 | AH48: 0.59190672 | AI48: 0.27819549 | AJ48: 0.43044428 | AK48: 0.38709677 | AL48: 0.8018018 | AM48: 0.47826087 | AN48: 0.64673913 | AO48: 5.9345 | AP48: 306.007 | AQ48: 19.21
A49: 43 | B49: 2026-02-26T20:14:01.465303 | C49: xlm-roberta-base | D49: /content/drive/MyDrive/ner_tei/hf_roberta_base | E49: 3e-05 | F49: 0.01 | G49: 16 | H49: 8 | I49: 2 | J49: 400 | K49: 400 | L49: 0.5352112676056339 | M49: /content/drive/MyDrive/ner_tei/43/checkpoint-2000 | N49: 2000 | O49: validation | P49: 0.6314358115196228 | Q49: 0.53521127 | R49: 0.6105826397146255 | S49: 0.3121019108280255 | T49: 0.4345925694661254 | U49: 0.5312499999999999 | V49: 0.6974358974358974 | W49: 0.5754716981132075 | X49: 0.7296137339055794 | Y49: 0.5525510204081633 | Z49: 0.59813628 | AA49: 0.42982456 | AB49: 0.45549738 | AC49: 0.66666667 | AD49: 0.70833333 | AE49: 0.65945946 | AF49: 0.74235808 | AG49: 0.51892669 | AH49: 0.62355798 | AI49: 0.245 | AJ49: 0.41552239 | AK49: 0.44155844 | AL49: 0.68686869 | AM49: 0.51046025 | AN49: 0.71729958 | AO49: 5.5452 | AP49: 274.113 | AQ49: 17.132
A50: 42 | B50: 2026-02-24T18:35:40.256297 | C50: xlm-roberta-large | D50: /content/data/hf_roberta_large | E50: 1e-05 | F50: 0.01 | G50: 16 | H50: 8 | I50: 2 | J50: 400 | K50: 400 | L50: 0.5197034724931721 | M50: /content/drive/MyDrive/ner_tei/42/checkpoint-1200 | N50: 2000 | O50: test | P50: 0.6257436871528625 | Q50: 0.46927208 | R50: 0.5368108286563221 | S50: 0.2595419847328244 | T50: 0.36806149 | U50: 0.3728813559322034 | V50: 0.7435897435897435 | W50: 0.4846416382252559 | X50: 0.61581921 | Y50: 0.5041666666666667 | Z50: 0.51750477 | AA50: 0.4015748 | AB50: 0.44478844 | AC50: 0.39285714 | AD50: 0.70731707 | AE50: 0.53787879 | AF50: 0.64117647 | AG50: 0.43889509 | AH50: 0.55761317 | AI50: 0.19172932 | AJ50: 0.31391114 | AK50: 0.35483871 | AL50: 0.78378378 | AM50: 0.44099379 | AN50: 0.5923913 | AO50: 9.6757 | AP50: 187.687 | AQ50: 11.782
A51: 42 | B51: 2026-02-24T18:53:23.137795 | C51: xlm-roberta-large | D51: /content/data/hf_roberta_large | E51: 1e-05 | F51: 0.01 | G51: 16 | H51: 8 | I51: 2 | J51: 400 | K51: 400 | L51: 0.5143007084754658 | M51: /content/drive/MyDrive/ner_tei/42/checkpoint-2000 | N51: 2000 | O51: test | P51: 0.5901229977607727 | Q51: 0.47374737 | R51: 0.5390359809911744 | S51: 0.28287841 | T51: 0.37732657 | U51: 0.3859649122807018 | V51: 0.7489361702127659 | W51: 0.4966442953020134 | X51: 0.6005509641873278 | Y51: 0.5123296560674886 | Z51: 0.53360215 | AA51: 0.41605839 | AB51: 0.45005045 | AC51: 0.42307692 | AD51: 0.70967742 | AE51: 0.54014599 | AF51: 0.60893855 | AG51: 0.4405692 | AH51: 0.54458162 | AI51: 0.21428571 | AJ51: 0.32483613 | AK51: 0.35483871 | AL51: 0.79279279 | AM51: 0.45962733 | AN51: 0.5923913 | AO51: 9.3495 | AP51: 194.234 | AQ51: 12.193
A52: 42 | B52: 2026-02-24T18:35:40.256297 | C52: xlm-roberta-large | D52: /content/data/hf_roberta_large | E52: 1e-05 | F52: 0.01 | G52: 16 | H52: 8 | I52: 2 | J52: 400 | K52: 400 | L52: 0.5197034724931721 | M52: /content/drive/MyDrive/ner_tei/42/checkpoint-1200 | N52: 2000 | O52: validation | P52: 0.6558700799942017 | Q52: 0.51943325 | R52: 0.5844748858447489 | S52: 0.2638888888888889 | T52: 0.4197952218430034 | U52: 0.5611510791366906 | V52: 0.6775956284153005 | W52: 0.5899280575539568 | X52: 0.71396896 | Y52: 0.5677749360613811 | Z52: 0.58608059 | AA52: 0.43181818 | AB52: 0.49003984 | AC52: 0.62903226 | AD52: 0.73809524 | AE52: 0.69101124 | AF52: 0.75233645 | AG52: 0.47867753 | AH52: 0.58287796 | AI52: 0.19 | AJ52: 0.36716418 | AK52: 0.50649351 | AL52: 0.62626263 | AM52: 0.51464435 | AN52: 0.67932489 | AO52: 8.3202 | AP52: 182.687 | AQ52: 11.418
A53: 42 | B53: 2026-02-24T18:53:23.137795 | C53: xlm-roberta-large | D53: /content/data/hf_roberta_large | E53: 1e-05 | F53: 0.01 | G53: 16 | H53: 8 | I53: 2 | J53: 400 | K53: 400 | L53: 0.5143007084754658 | M53: /content/drive/MyDrive/ner_tei/42/checkpoint-2000 | N53: 2000 | O53: validation | P53: 0.6433148980140686 | Q53: 0.51430071 | R53: 0.5706267539756783 | S53: 0.2508710801393728 | T53: 0.4212678936605317 | U53: 0.5481481481481482 | V53: 0.6813186813186813 | W53: 0.6285714285714287 | X53: 0.7002188183807441 | Y53: 0.56844548 | Z53: 0.58653846 | AA53: 0.4137931 | AB53: 0.49086577 | AC53: 0.63793103 | AD53: 0.74698795 | AE53: 0.72928177 | AF53: 0.72727273 | AG53: 0.46957355 | AH53: 0.55555556 | AI53: 0.18 | AJ53: 0.36895522 | AK53: 0.48051948 | AL53: 0.62626263 | AM53: 0.55230126 | AN53: 0.67510549 | AO53: 8.0604 | AP53: 188.576 | AQ53: 11.786
A54: 42 | B54: 2026-02-24T19:12:39.247371 | C54: xlm-roberta-large | D54: /content/data/hf_roberta_large | E54: 2e-05 | F54: 0.01 | G54: 16 | H54: 8 | I54: 2 | J54: 400 | K54: 400 | L54: 0.5426712590891696 | M54: /content/drive/MyDrive/ner_tei/42/checkpoint-2000 | N54: 2000 | O54: test | P54: 0.6346688270568848 | Q54: 0.50123493 | R54: 0.56413746 | S54: 0.3348837209302325 | T54: 0.4180392156862745 | U54: 0.4137931034482758 | V54: 0.7606837606837608 | W54: 0.5342019543973942 | X54: 0.5917808219178081 | Y54: 0.5228857229463474 | Z54: 0.55975692 | AA54: 0.43902439 | AB54: 0.45284622 | AC54: 0.44444444 | AD54: 0.72357724 | AE54: 0.56164384 | AF54: 0.59668508 | AG54: 0.4813058 | AH54: 0.56858711 | AI54: 0.27067669 | AJ54: 0.38820102 | AK54: 0.38709677 | AL54: 0.8018018 | AM54: 0.50931677 | AN54: 0.58695652 | AO54: 9.1692 | AP54: 198.055 | AQ54: 12.433
A55: 42 | B55: 2026-02-24T19:12:39.247371 | C55: xlm-roberta-large | D55: /content/data/hf_roberta_large | E55: 2e-05 | F55: 0.01 | G55: 16 | H55: 8 | I55: 2 | J55: 400 | K55: 400 | L55: 0.5426712590891696 | M55: /content/drive/MyDrive/ner_tei/42/checkpoint-2000 | N55: 2000 | O55: validation | P55: 0.6782196164131165 | Q55: 0.54267126 | R55: 0.5966885348328648 | S55: 0.3612040133779264 | T55: 0.4445880452342488 | U55: 0.5479452054794519 | V55: 0.72131148 | W55: 0.6787330316742081 | X55: 0.7357293868921776 | Y55: 0.5803547066848568 | Z55: 0.61454311 | AA55: 0.54545455 | AB55: 0.48450704 | AC55: 0.57971014 | AD55: 0.78571429 | AE55: 0.73891626 | AF55: 0.73728814 | AG55: 0.50958313 | AH55: 0.57984214 | AI55: 0.27 | AJ55: 0.41074627 | AK55: 0.51948052 | AL55: 0.66666667 | AM55: 0.62761506 | AN55: 0.73417722 | AO55: 8.2208 | AP55: 184.897 | AQ55: 11.556
A56: 42 | B56: 2026-02-26T08:58:11.364598 | C56: xlm-roberta-large | D56: /content/data/hf_roberta_large | E56: 3e-05 | F56: 0.01 | G56: 16 | H56: 8 | I56: 2 | J56: 400 | K56: 400 | L56: 0.5542440984429934 | M56: /content/drive/MyDrive/ner_tei/42/checkpoint-2000 | N56: 2000 | O56: test | P56: 0.6529309749603271 | Q56: 0.5261349 | R56: 0.5831357941076871 | S56: 0.36 | T56: 0.45378151 | U56: 0.4210526315789473 | V56: 0.7510548523206751 | W56: 0.5723472668810291 | X56: 0.6218487394957983 | Y56: 0.54045307 | Z56: 0.57591973 | AA56: 0.44021739 | AB56: 0.47710843 | AC56: 0.46153846 | AD56: 0.70634921 | AE56: 0.59333333 | AF56: 0.6416185 | AG56: 0.5125558 | AH56: 0.59053498 | AI56: 0.30451128 | AJ56: 0.43262928 | AK56: 0.38709677 | AL56: 0.8018018 | AM56: 0.55279503 | AN56: 0.60326087 | AO56: 9.0181 | AP56: 201.372 | AQ56: 12.641
A57: 42 | B57: 2026-02-26T08:58:11.364598 | C57: xlm-roberta-large | D57: /content/data/hf_roberta_large | E57: 3e-05 | F57: 0.01 | G57: 16 | H57: 8 | I57: 2 | J57: 400 | K57: 400 | L57: 0.5542440984429934 | M57: /content/drive/MyDrive/ner_tei/42/checkpoint-2000 | N57: 2000 | O57: validation | P57: 0.6885398626327515 | Q57: 0.5542441 | R57: 0.6043478260869566 | S57: 0.3766233766233766 | T57: 0.4612476370510397 | U57: 0.5931034482758619 | V57: 0.7282608695652174 | W57: 0.6960352422907489 | X57: 0.7348643006263048 | Y57: 0.5823218997361478 | Z57: 0.61856325 | AA57: 0.53703704 | AB57: 0.48832555 | AC57: 0.63235294 | AD57: 0.78823529 | AE57: 0.73488372 | AF57: 0.72727273 | AG57: 0.5287494 | AH57: 0.5907711 | AI57: 0.29 | AJ57: 0.43701493 | AK57: 0.55844156 | AL57: 0.67676768 | AM57: 0.66108787 | AN57: 0.74261603 | AO57: 8.0995 | AP57: 187.667 | AQ57: 11.729
A58: 43 | B58: 2026-02-26T09:17:06.231289 | C58: xlm-roberta-large | D58: /content/data/hf_roberta_large | E58: 1e-05 | F58: 0.01 | G58: 16 | H58: 8 | I58: 2 | J58: 400 | K58: 400 | L58: 0.5237102657634185 | M58: /content/drive/MyDrive/ner_tei/43/checkpoint-2000 | N58: 2000 | O58: test | P58: 0.60340577 | Q58: 0.4747279 | R58: 0.5370121130551817 | S58: 0.3089005235602094 | T58: 0.3804755944931164 | U58: 0.3928571428571428 | V58: 0.7385892116182573 | W58: 0.4745762711864407 | X58: 0.5989010989010989 | Y58: 0.5097662504002561 | Z58: 0.52708058 | AA58: 0.50862069 | AB58: 0.4453125 | AC58: 0.44 | AD58: 0.68461538 | AE58: 0.52238806 | AF58: 0.60555556 | AG58: 0.44419643 | AH58: 0.5473251 | AI58: 0.22180451 | AJ58: 0.33211945 | AK58: 0.35483871 | AL58: 0.8018018 | AM58: 0.43478261 | AN58: 0.5923913 | AO58: 9.1351 | AP58: 198.794 | AQ58: 12.479
A59: 43 | B59: 2026-02-26T09:17:06.231289 | C59: xlm-roberta-large | D59: /content/data/hf_roberta_large | E59: 1e-05 | F59: 0.01 | G59: 16 | H59: 8 | I59: 2 | J59: 400 | K59: 400 | L59: 0.5237102657634185 | M59: /content/drive/MyDrive/ner_tei/43/checkpoint-2000 | N59: 2000 | O59: validation | P59: 0.6270904541015625 | Q59: 0.52371027 | R59: 0.5872129112352577 | S59: 0.3043478260869565 | T59: 0.4181019925700776 | U59: 0.5774647887323944 | V59: 0.6989247311827956 | W59: 0.6335697399527186 | X59: 0.6995708154506438 | Y59: 0.5739577384351799 | Z59: 0.60063492 | AA59: 0.55263158 | AB59: 0.48133748 | AC59: 0.63076923 | AD59: 0.74712644 | AE59: 0.72826087 | AF59: 0.71179039 | AG59: 0.48155247 | AH59: 0.57437766 | AI59: 0.21 | AJ59: 0.36955224 | AK59: 0.53246753 | AL59: 0.65656566 | AM59: 0.56066946 | AN59: 0.68776371 | AO59: 8.3061 | AP59: 182.997 | AQ59: 11.437
A60: 43 | B60: 2026-02-26T09:34:45.285242 | C60: xlm-roberta-large | D60: /content/data/hf_roberta_large | E60: 2e-05 | F60: 0.01 | G60: 16 | H60: 8 | I60: 2 | J60: 400 | K60: 400 | L60: 0.54904442 | M60: /content/drive/MyDrive/ner_tei/43/checkpoint-2000 | N60: 2000 | O60: test | P60: 0.6093593835830688 | Q60: 0.50945559 | R60: 0.5746894931184962 | S60: 0.3523809523809523 | T60: 0.4225893200153668 | U60: 0.4444444444444444 | V60: 0.7242798353909464 | W60: 0.5405405405405405 | X60: 0.6170212765957447 | Y60: 0.5235571260306242 | Z60: 0.56278764 | AA60: 0.48051948 | AB60: 0.44715447 | AC60: 0.4375 | AD60: 0.66666667 | AE60: 0.59259259 | AF60: 0.60416667 | AG60: 0.49609375 | AH60: 0.58710562 | AI60: 0.27819549 | AJ60: 0.40058267 | AK60: 0.4516129 | AL60: 0.79279279 | AM60: 0.49689441 | AN60: 0.63043478 | AO60: 9.0897 | AP60: 199.786 | AQ60: 12.542
A61: 43 | B61: 2026-02-26T09:34:45.285242 | C61: xlm-roberta-large | D61: /content/data/hf_roberta_large | E61: 2e-05 | F61: 0.01 | G61: 16 | H61: 8 | I61: 2 | J61: 400 | K61: 400 | L61: 0.54904442 | M61: /content/drive/MyDrive/ner_tei/43/checkpoint-2000 | N61: 2000 | O61: validation | P61: 0.6578680872917175 | Q61: 0.54904442 | R61: 0.6018691588785046 | S61: 0.3790849673202614 | T61: 0.4519015659955257 | U61: 0.5866666666666667 | V61: 0.7472527472527473 | W61: 0.67268623 | X61: 0.7359667359667359 | Y61: 0.58196941 | Z61: 0.61804223 | AA61: 0.54716981 | AB61: 0.48624484 | AC61: 0.60273973 | AD61: 0.81927711 | AE61: 0.73039216 | AF61: 0.72540984 | AG61: 0.51964542 | AH61: 0.58652095 | AI61: 0.29 | AJ61: 0.42208955 | AK61: 0.57142857 | AL61: 0.68686869 | AM61: 0.62343096 | AN61: 0.74683544 | AO61: 7.8065 | AP61: 194.71 | AQ61: 12.169
A62: 43 | B62: 2026-02-26T09:52:56.182418 | C62: xlm-roberta-large | D62: /content/data/hf_roberta_large | E62: 3e-05 | F62: 0.01 | G62: 16 | H62: 8 | I62: 2 | J62: 400 | K62: 400 | L62: 0.5524695236898327 | M62: /content/drive/MyDrive/ner_tei/43/checkpoint-2000 | N62: 2000 | O62: test | P62: 0.6179900765419006 | Q62: 0.51576095 | R62: 0.5806020066889631 | S62: 0.375 | T62: 0.4333205961024073 | U62: 0.3859649122807018 | V62: 0.7172995780590717 | W62: 0.5667752442996742 | X62: 0.5876010781671158 | Y62: 0.52757514 | Z62: 0.56657963 | AA62: 0.48795181 | AB62: 0.45578778 | AC62: 0.42307692 | AD62: 0.67460317 | AE62: 0.59589041 | AF62: 0.5828877 | AG62: 0.50446429 | AH62: 0.59533608 | AI62: 0.30451128 | AJ62: 0.41296431 | AK62: 0.35483871 | AL62: 0.76576577 | AM62: 0.54037267 | AN62: 0.5923913 | AO62: 9.1969 | AP62: 197.459 | AQ62: 12.396
A63: 43 | B63: 2026-02-26T09:52:56.182418 | C63: xlm-roberta-large | D63: /content/data/hf_roberta_large | E63: 3e-05 | F63: 0.01 | G63: 16 | H63: 8 | I63: 2 | J63: 400 | K63: 400 | L63: 0.5524695236898327 | M63: /content/drive/MyDrive/ner_tei/43/checkpoint-2000 | N63: 2000 | O63: validation | P63: 0.6634013652801514 | Q63: 0.55246952 | R63: 0.5993788819875776 | S63: 0.37579618 | T63: 0.4663931839697065 | U63: 0.5833333333333334 | V63: 0.7419354838709677 | W63: 0.6696428571428571 | X63: 0.7310924369747899 | Y63: 0.5810203542162306 | Z63: 0.61347743 | AA63: 0.51754386 | AB63: 0.49464525 | AC63: 0.62686567 | AD63: 0.79310345 | AE63: 0.71770335 | AF63: 0.72803347 | AG63: 0.5265932 | AH63: 0.58591378 | AI63: 0.295 | AJ63: 0.44119403 | AK63: 0.54545455 | AL63: 0.6969697 | AM63: 0.62761506 | AN63: 0.73417722 | AO63: 7.8233 | AP63: 194.29 | AQ63: 12.143
Y64: eval_precision | Z64: eval_precision_ARTEFACT | AA64: eval_precision_BIBL | AB64: eval_precision_CONCEPT | AC64: eval_precision_ORG | AD64: eval_precision_PEOPLE | AE64: eval_precision_PERSON | AF64: eval_precision_PLACE | AG64: eval_recall | AH64: eval_recall_ARTEFACT | AI64: eval_recall_BIBL | AJ64: eval_recall_CONCEPT | AK64: eval_recall_ORG | AL64: eval_recall_PEOPLE | AM64: eval_recall_PERSON | AN64: eval_recall_PLACE
X65: mean | Y65: =AVERAGE(Y50:Y63) -> 0.55461078 | Z65: =AVERAGE(Z50:Z63) -> 0.57722224 | AA65: =AVERAGE(AA50:AA63) -> 0.47995822 | AB65: =AVERAGE(AB50:AB63) -> 0.47064386 | AC65: =AVERAGE(AC50:AC63) -> 0.52584964 | AD65: =AVERAGE(AD50:AD63) -> 0.73509614 | AE65: =AVERAGE(AE50:AE63) -> 0.64388017 | AF65: =AVERAGE(AF50:AF63) -> 0.67074516 | ... AN65: =AVERAGE(AN50:AN63) -> 0.6564441
X66: sd | Y66: =_xlfn.STDEV.S(Y50:Y63) -> 0.024975055 | Z66: =_xlfn.STDEV.S(Z50:Z63) -> 0.034426604 | AA66: =_xlfn.STDEV.S(AA50:AA63) -> 0.055346705 | AB66: =_xlfn.STDEV.S(AB50:AB63) -> 0.019785465 | AC66: =_xlfn.STDEV.S(AC50:AC63) -> 0.09974092 | AD66: =_xlfn.STDEV.S(AD50:AD63) -> 0.047555267 | AE66: =_xlfn.STDEV.S(AE50:AE63) -> 0.086776104 | AF66: =_xlfn.STDEV.S(AF50:AF63) -> 0.063766197 | ... AN66: =_xlfn.STDEV.S(AN50:AN63) -> 0.064616189

Sheet averages
A1: model_name | B1: seed | C1: f1_average | D1: mean f1 | E1: sd
A2: dbmdz/bert-base-german-cased | B2: 42 | C2: =AVERAGE(combined_metrics!Q2:Q7) -> 0.49953633 | D2: =AVERAGE(C2:C3) -> 0.50050894 | E2: =_xlfn.STDEV.S(combined_metrics!Q2:Q13) -> 0.031152027
A3: dbmdz/bert-base-german-cased | B3: 43 | C3: =AVERAGE(combined_metrics!Q8:Q13) -> 0.50148154
A4: dbmdz/bert-base-german-uncased | B4: 42 | C4: =AVERAGE(combined_metrics!Q14:Q19) -> 0.49854498 | D4: =AVERAGE(C4:C5) -> 0.49713181 | E4: =_xlfn.STDEV.S(combined_metrics!Q14:Q25) -> 0.036257331
A5: dbmdz/bert-base-german-uncased | B5: 43 | C5: =AVERAGE(combined_metrics!Q20:Q25) -> 0.49571865
A6: deepset/gbert-base | B6: 42 | C6: =AVERAGE(combined_metrics!Q26:Q31) -> 0.48588762 | D6: =AVERAGE(C6:C7) -> 0.49253501 | E6: =_xlfn.STDEV.S(combined_metrics!Q26:Q37) -> 0.031010135
A7: deepset/gbert-base | B7: 43 | C7: =AVERAGE(combined_metrics!Q32:Q37) -> 0.49918241
A8: xlm-roberta-base | B8: 42 | C8: =AVERAGE(combined_metrics!Q38:Q43) -> 0.49672216 | D8: =AVERAGE(C8:C9) -> 0.49551878 | E8: =_xlfn.STDEV.S(combined_metrics!Q38:Q49) -> 0.031981226
A9: xlm-roberta-base | B9: 43 | C9: =AVERAGE(combined_metrics!Q44:Q49) -> 0.4943154
A10: xlm-roberta-large | B10: 42 | C10: =AVERAGE(combined_metrics!Q50:Q55) -> 0.50344327 | D10: =AVERAGE(C10:C11) -> 0.51316473 | E10: =_xlfn.STDEV.S(combined_metrics!Q50:Q63) -> 0.028696666
A11: xlm-roberta-large | B11: 43 | C11: =AVERAGE(combined_metrics!Q56:Q61) -> 0.5228862
